"Name","ResourceGroupName","Location","ProvisioningState"
"workers-sg","databricks-rg-ladbs-databricks-y7342kulxi2tw","westus","Succeeded"
"vm08dmz-nsg","rg-backups","westus","Succeeded"
"dbswcpdb01-nsg","rg-database","westus","Succeeded"
"dbswcpdb02-nsg","rg-database","westus","Succeeded"
"dbswcpdbnsg252","rg-database","westus","Succeeded"
"oracledbp01-nsg","rg-database","westus","Succeeded"
"oracledbp01nsg670","rg-database","westus","Succeeded"
"aadds-nsg","rg-identity","westus","Succeeded"
"vm-08ibasdc13-nsg","rg-identity","westus","Succeeded"
"az-08zpacon01-nsg","rg-network","westus","Succeeded"
"az-08zpacon02-nsg","rg-network","westus","Succeeded"
"az-08zpacon03-nsg","rg-network","westus","Succeeded"
"basicNsgaz-08ibasdc15-nic2","rg-network","westus","Succeeded"
"basicNsgnic-08idis02","rg-network","westus","Succeeded"
"basicNsgnic-08idis02-01","rg-network","westus","Succeeded"
"basicNsgnic-08idis02-02","rg-network","westus","Succeeded"
"basicNsgnic-az-vdi-wt-2","rg-network","westus","Succeeded"
"basicNsgnic-dmzbldginfo1","rg-network","westus","Succeeded"
"basicNsgnic-dmzbldginfo2","rg-network","westus","Succeeded"
"basicNsgnic-newidis","rg-network","westus","Succeeded"
"basicNsgnic-vm-08picnn1-1","rg-network","westus","Succeeded"
"basicNsgNIC-VM-08QADMZWEB02-CLONE-snservernic","rg-network","westus","Succeeded"
"basicNsgvm-08picnn2-2","rg-network","westus","Succeeded"
"nsg-app-pe","rg-network","westus","Succeeded"
"nsg-cdbp01blac","rg-network","westus","Succeeded"
"nsg-database-pe","rg-network","westus","Succeeded"
"nsg-dc","rg-network","westus","Succeeded"
"nsg-ladbsproduction","rg-network","westus","Succeeded"
"nsg-prodappservices","rg-network","westus","Succeeded"
"nsg-snserver","rg-network","westus","Succeeded"
"az-oeltexprte-nsg","rg-oracle-db","westus","Succeeded"
"oracledbdr02-nsg","rg-oracle-db","westus","Succeeded"
"oracledbdr02nsg985","rg-oracle-db","westus","Succeeded"
"az-08qapermitla14c01-nsg","rg-permitla","westus","Succeeded"
"az-08qapermitla14c02-nsg","rg-permitla","westus","Succeeded"
"az-08alvinnetworktest-nsg","rg-servers","westus","Succeeded"
"az-08autorest-nsg","rg-servers","westus","Succeeded"
"az-08confluent-nsg","rg-servers","westus","Succeeded"
"az-08datafactory-nsg","rg-servers","westus","Succeeded"
"az-08ertest-nsg","rg-servers","westus","Succeeded"
"az-08ertest2-nsg","rg-servers","westus","Succeeded"
"az-08ertest3-nsg","rg-servers","westus","Succeeded"
"az-08esrinb-nsg","rg-servers","westus","Succeeded"
"az-08execdash-nsg","rg-servers","westus","Succeeded"
"AZ-08FMECHTL-nsg","rg-servers","westus","Succeeded"
"az-08fsspcm-nsg","rg-servers","westus","Succeeded"
"az-08iaadmgmt-nsg","rg-servers","westus","Succeeded"
"az-08idevops-nsg","rg-servers","westus","Succeeded"
"az-08ismtp-nsg","rg-servers","westus","Succeeded"
"az-08itestdns-nsg","rg-servers","westus","Succeeded"
"az-08izscalerconnector-nsg","rg-servers","westus","Succeeded"
"az-08netapp-wt-nsg","rg-servers","westus","Succeeded"
"az-08oakpilot-nsg","rg-servers","westus","Succeeded"
"az-08permitlashare-nsg","rg-servers","westus","Succeeded"
"az-08Printerlogic-nsg","rg-servers","westus","Succeeded"
"AZ-08SERVICESP-nsg","rg-servers","westus","Succeeded"
"az-08synapse-nsg","rg-servers","westus","Succeeded"
"az-08web15d-test-nsg","rg-servers","westus","Succeeded"
"az-08web22p-nsg","rg-servers","westus","Succeeded"
"az-08web22prep-nsg","rg-servers","westus","Succeeded"
"az-08whelpdeskshare-nsg","rg-servers","westus","Succeeded"
"az-08wintrp1-nsg","rg-servers","westus","Succeeded"
"az-bookstack-nsg","rg-servers","westus","Succeeded"
"az-bookstackladbs-nsg","rg-servers","westus","Succeeded"
"azbookstackladbsnsg686","rg-servers","westus","Succeeded"
"basicNsgnic-08idis","rg-servers","westus","Succeeded"
"basicNsgnic-08idis02-01","rg-servers","westus","Succeeded"
"basicNsgnic-idis-servers","rg-servers","westus","Succeeded"
"dbswcpdb-nsg","rg-servers","westus","Succeeded"
"nic-VM-08APARCGISP-00-nsg","rg-servers","westus","Succeeded"
"nic-vm-08croot2-00-nsg","rg-servers","westus","Succeeded"
"nic-VM-08SCCM01-00-nsg","rg-servers","westus","Succeeded"
"nic-VM-08SCCMCMG-00-nsg","rg-servers","westus","Succeeded"
"nsg-ag-dmz","rg-servers","westus","Succeeded"
"nsg-dmz","rg-servers","westus","Succeeded"
"oracledbp01-nsg","rg-servers","westus","Succeeded"
"Ubuntu2204-nsg","rg-servers","westus","Succeeded"
"vm-test-nsg","rg-servers","westus","Succeeded"
"nsg-netapps","rg-storage","westus","Succeeded"
"nsg-sn-storage","rg-storage","westus","Succeeded"
"nsg-lacps-apim","rg-team-nr","westus","Succeeded"
"az-image-11-nsg","rg-vdi","westus","Succeeded"
"az-image-112-nsg","rg-vdi","westus","Succeeded"
"az-image-v16-nsg","rg-vdi","westus","Succeeded"
"az-imagev161-nsg","rg-vdi","westus","Succeeded"
"az-img163-nsg","rg-vdi","westus","Succeeded"
"az-ladbs-image2021fromsnapshot-nsg","rg-vdi","westus","Succeeded"
"az-ladbs2021-nsg","rg-vdi","westus","Succeeded"
"az-ladbsimage-win2021-nsg","rg-vdi","westus","Succeeded"
"az-vdi-test1-nsg","rg-vdi","westus","Succeeded"
"az-vdi-wt-nsg","rg-vdi","westus","Succeeded"
"az-wtran-vdi-nsg","rg-vdi","westus","Succeeded"
"azu-img164-nsg","rg-vdi","westus","Succeeded"
"azure-image-vm11-nsg","rg-vdi","westus","Succeeded"
"azure-image13-nsg","rg-vdi","westus","Succeeded"
"azure-image14-nsg","rg-vdi","westus","Succeeded"
"azure-image15-nsg","rg-vdi","westus","Succeeded"
"azure-imagev11-nsg","rg-vdi","westus","Succeeded"
"azure-vdi-1-fromsnapshot-nsg","rg-vdi","westus","Succeeded"
"azure-vdi-1-nsg","rg-vdi","westus","Succeeded"
"azvditest1nsg669","rg-vdi","westus","Succeeded"
"ladbs-image-win2021-DNU-nsg","rg-vdi","westus","Succeeded"
"LADBS-TEST-Image-insp2-nsg","rg-vdi","westus","Succeeded"
"LADBSWin11nsg428","rg-vdi","westus","Succeeded"
"Test-VM-newsubnet-nsg","rg-vdi","westus","Succeeded"
"win10-imgfromsnapshot-nsg","rg-vdi","westus","Succeeded"
"windows-image-nsg","rg-vdi","westus","Succeeded"
"nsg-block-onprem","Sam-TestRG","westus","Succeeded"
"az-08ibasdc21NSG","RG-IDENTITY","eastus","Succeeded"
"nsg-identity-eastus","RG-IDENTITY","eastus","Succeeded"
"aadds-nsg","rg-networkEUS","eastus","Succeeded"
"nsg-ladbsproduction-eus","rg-networkEUS","eastus","Succeeded"
"az-08pfsense-nsg","rg-asr","westus3","Succeeded"
"nsg-az-08ibascd14","rg-identity","westus3","Succeeded"
"nsg-dmz-westus3","rg-network","westus3","Succeeded"
"nsg-ladbsdr","rg-network","westus3","Succeeded"
"oracledbdr01876_z1-nsg","rg-oracle-db","westus3","Succeeded"
